"term","df","sumsq","meansq","statistic","p.value","region"
"location",1,114.488558243988,114.488558243988,634.426456823292,2.71600541220747e-133,"Eastern Arctic"
"rcp",1,344.451561830555,344.451561830555,1908.74256145054,0,"Eastern Arctic"
"location:rcp",1,3.71743106164705,3.71743106164705,20.5997582037805,5.76848631985865e-06,"Eastern Arctic"
"Residuals",6126,1105.49757227104,0.180459936707646,NA,NA,"Eastern Arctic"
"location",1,0.00284082207035041,0.00284082207035041,0.00163797587755893,0.968026084183858,"Strait of Georgia"
"rcp",1,6.14067848522708,6.14067848522708,3.54062415088404,0.07112410206165,"Strait of Georgia"
"location:rcp",1,0.000850399838572638,0.000850399838572638,0.000490327935846462,0.982502675558938,"Strait of Georgia"
"Residuals",26,45.0930778902472,1.73434914962489,NA,NA,"Strait of Georgia"
"location",1,114.008140785302,114.008140785302,1734.2574102458,0,"Arctic Basin"
"rcp",1,449.459761046798,449.459761046798,6837.04616033182,0,"Arctic Basin"
"location:rcp",1,8.30684408131158,8.30684408131158,126.36120372229,4.45609807426287e-29,"Arctic Basin"
"Residuals",7248,476.475406436204,0.0657388805789465,NA,NA,"Arctic Basin"
"location",1,0.00725523147559244,0.00725523147559244,0.0171899368569201,0.895745545169967,"Northern Shelf"
"rcp",1,21.2308211649942,21.2308211649942,50.3025267318591,5.0294725617823e-12,"Northern Shelf"
"location:rcp",1,0.00153897125822909,0.00153897125822909,0.00364630940343811,0.951875600852047,"Northern Shelf"
"Residuals",458,193.304724937581,0.422062718204326,NA,NA,"Northern Shelf"
"location",1,73.623107256196,73.623107256196,60.2193762341994,1.45091487626326e-14,"Scotian Shelf"
"rcp",1,87.0711188401884,87.0711188401884,71.2190596129549,6.72415053542215e-17,"Scotian Shelf"
"location:rcp",1,0.0678686936154947,0.0678686936154947,0.055512603959148,0.813762716676007,"Scotian Shelf"
"Residuals",1706,2085.72437699446,1.22258169812102,NA,NA,"Scotian Shelf"
"location",1,0.34731713687872,0.34731713687872,2.20738216019795,0.13755440455333,"Offshore Pacific"
"rcp",1,190.59888975806,190.59888975806,1211.35568715802,1.00447422934069e-196,"Offshore Pacific"
"location:rcp",1,0.164587252669858,0.164587252669858,1.04603812125257,0.306580495545743,"Offshore Pacific"
"Residuals",1554,244.511729976621,0.157343455583411,NA,NA,"Offshore Pacific"
"location",1,134.100822826654,134.100822826654,221.525832658873,5.13796168930955e-49,"Newfoundland-Labrador Shelves"
"rcp",1,259.70760106174,259.70760106174,429.020056404941,2.37163881010528e-91,"Newfoundland-Labrador Shelves"
"location:rcp",1,2.57421711595566,2.57421711595566,4.25243915761756,0.039247720751133,"Newfoundland-Labrador Shelves"
"Residuals",4798,2904.47276599602,0.605350722383497,NA,NA,"Newfoundland-Labrador Shelves"
"location",1,0.0837903945418345,0.0837903945418345,0.323533151272178,0.569603107437718,"Gulf of Saint Lawrence"
"rcp",1,54.3613309412984,54.3613309412984,209.901060890779,8.12372172467146e-44,"Gulf of Saint Lawrence"
"location:rcp",1,0.000236270658514655,0.000236270658514655,0.000912293003516453,0.975909448939,"Gulf of Saint Lawrence"
"Residuals",1150,297.833323553437,0.25898549874212,NA,NA,"Gulf of Saint Lawrence"
"location",1,1.64368765727744,1.64368765727744,12.7488655769829,0.000359940334024157,"Western Arctic"
"rcp",1,203.482076667793,203.482076667793,1578.25948943361,3.32288452180405e-296,"Western Arctic"
"location:rcp",1,0.462320906436701,0.462320906436701,3.58588023916488,0.0583365072099261,"Western Arctic"
"Residuals",4508,581.208101557241,0.128928150301074,NA,NA,"Western Arctic"
