"region","rcp","location","mean","sd","med"
"Southern Shelf","RCP 8.5","Bioregion",0.409029962002392,0.0444043023274538,0.408704452112562
"Southern Shelf","RCP 8.5","Conservation Network",0.422612853267218,0.0204228427783209,0.41159137455005
"Southern Shelf","RCP 8.5","outside",0.40894843951502,0.0444978367005535,0.408704452112562
"Southern Shelf","RCP 2.6","Bioregion",0.392852692086558,0.0512353883534565,0.402107619199216
"Southern Shelf","RCP 2.6","Conservation Network",0.427776991508228,0.00795735697671663,0.417007094666579
"Southern Shelf","RCP 2.6","outside",0.392638634478108,0.0513137310828652,0.399642680274464
"Strait of Georgia","RCP 8.5","Bioregion",0.524920088233851,0.0891303317231664,0.487221513601761
"Strait of Georgia","RCP 8.5","Conservation Network",0.528390991569044,0.128876118173261,0.381765819900598
"Strait of Georgia","RCP 8.5","outside",0.524929629013639,0.0890382196348186,0.487221513601761
"Strait of Georgia","RCP 2.6","Bioregion",0.472224553936741,0.0474468683778803,0.458799969507975
"Strait of Georgia","RCP 2.6","Conservation Network",0.454902679865987,0.0507672341987071,0.397143689798407
"Strait of Georgia","RCP 2.6","outside",0.472282193645853,0.047453108763168,0.458799969507975
"Offshore Pacific","RCP 8.5","Bioregion",0.303096605395656,0.0200469873339566,0.297821126582477
"Offshore Pacific","RCP 8.5","Conservation Network",0.305104998188212,0.014764224778889,0.300803909723645
"Offshore Pacific","RCP 8.5","outside",0.30230184479232,0.0217186776554535,0.296345904228651
"Offshore Pacific","RCP 2.6","Bioregion",0.268062206914568,0.0196912453856741,0.262103499449972
"Offshore Pacific","RCP 2.6","Conservation Network",0.268432979692841,0.0148721297955186,0.262817048077149
"Offshore Pacific","RCP 2.6","outside",0.267913763333589,0.0212790652473515,0.261884691949384
"Northern Shelf","RCP 8.5","Bioregion",0.42179317515011,0.0332073435149267,0.422650249960146
"Northern Shelf","RCP 8.5","Conservation Network",0.415607757624859,0.0501720442657573,0.422105124067279
"Northern Shelf","RCP 8.5","outside",0.419809097965159,0.0331163941999963,0.422105124067279
"Northern Shelf","RCP 2.6","Bioregion",0.399581388896648,0.033814098379005,0.399743690954096
"Northern Shelf","RCP 2.6","Conservation Network",0.387911752100195,0.0530281546334578,0.394003250006616
"Northern Shelf","RCP 2.6","outside",0.397959140172958,0.0339546635913346,0.399642680274464
"Hudson Bay Complex","RCP 8.5","Bioregion",0.43371636599769,0.0249758419682973,0.435878922185034
"Hudson Bay Complex","RCP 8.5","Conservation Network",0.429851247605075,0.0250573984165053,0.437716318117092
"Hudson Bay Complex","RCP 8.5","outside",0.433718051274772,0.0249760256864723,0.435831428559951
"Hudson Bay Complex","RCP 2.6","Bioregion",0.399650243527905,0.0189805339740293,0.396875590538843
"Hudson Bay Complex","RCP 2.6","Conservation Network",0.414184385167976,0.0158860963232792,0.419351795872983
"Hudson Bay Complex","RCP 2.6","outside",0.399640169763539,0.0189774676295823,0.396870914752426
"Eastern Arctic","RCP 8.5","Bioregion",0.382119047245335,0.030806266720636,0.384291793207064
"Eastern Arctic","RCP 8.5","Conservation Network",0.371106763726829,0.0296029332436649,0.368468712163885
"Eastern Arctic","RCP 8.5","outside",0.384774520018323,0.030783589980137,0.387488316800192
"Eastern Arctic","RCP 2.6","Bioregion",0.351424991084571,0.026258712191798,0.347208336324082
"Eastern Arctic","RCP 2.6","Conservation Network",0.343419153808543,0.0227376419165443,0.339350153020977
"Eastern Arctic","RCP 2.6","outside",0.353383078969572,0.0269518413776108,0.349281614624458
"Western Arctic","RCP 8.5","Bioregion",0.415595020561858,0.021495801999337,0.415942735965615
"Western Arctic","RCP 8.5","Conservation Network",0.415273449714802,0.0197556049674536,0.419401729949578
"Western Arctic","RCP 8.5","outside",0.415593592537471,0.0215301813733236,0.415908195884204
"Western Arctic","RCP 2.6","Bioregion",0.386996749102105,0.0266446078901487,0.390049786743914
"Western Arctic","RCP 2.6","Conservation Network",0.404764104211976,0.0153550836076027,0.405746465180007
"Western Arctic","RCP 2.6","outside",0.386664541458198,0.0266966971268209,0.38976620915996
"Arctic Archipelago","RCP 8.5","Bioregion",0.386610168521735,0.0261323475119524,0.387694718847129
"Arctic Archipelago","RCP 8.5","Conservation Network",0.361462545586403,0.0315183873015699,0.374324777270031
"Arctic Archipelago","RCP 8.5","outside",0.386612381320677,0.0261462587315868,0.387697662659939
"Arctic Archipelago","RCP 2.6","Bioregion",0.344553884323717,0.0267258869188106,0.338183712764066
"Arctic Archipelago","RCP 2.6","Conservation Network",0.347424979922683,0.0233769719379642,0.345526589406579
"Arctic Archipelago","RCP 2.6","outside",0.344520554028283,0.0267287262861577,0.338172011004651
"Arctic Basin","RCP 8.5","Bioregion",0.381651916375554,0.0225473298541737,0.384938625576327
"Arctic Basin","RCP 8.5","Conservation Network",0.369627018720079,0.0214916319447966,0.369466664070282
"Arctic Basin","RCP 8.5","outside",0.386200929688945,0.0221508172606334,0.390441553156371
"Arctic Basin","RCP 2.6","Bioregion",0.339635493373657,0.0237634462603635,0.339262160809666
"Arctic Basin","RCP 2.6","Conservation Network",0.319545818468671,0.0220455923182086,0.316064528903448
"Arctic Basin","RCP 2.6","outside",0.348434795350051,0.0201252034569711,0.345125917313738
"Scotian Shelf","RCP 8.5","Bioregion",0.344806908504395,0.0481282180729131,0.354280284617145
"Scotian Shelf","RCP 8.5","Conservation Network",0.324108197721553,0.0474812485577516,0.301081725603111
"Scotian Shelf","RCP 8.5","outside",0.348618404930854,0.0472665711476001,0.364194918482508
"Scotian Shelf","RCP 2.6","Bioregion",0.324232460150936,0.0545103504825611,0.33864155439999
"Scotian Shelf","RCP 2.6","Conservation Network",0.302220347152658,0.0479316783388873,0.283534536386406
"Scotian Shelf","RCP 2.6","outside",0.328245023548709,0.0545382445830326,0.351363532844229
"Gulf of Saint Lawrence","RCP 8.5","Bioregion",0.406712410980302,0.026233552369009,0.403735503307602
"Gulf of Saint Lawrence","RCP 8.5","Conservation Network",0.402280289960571,0.0299097492018365,0.395535812067057
"Gulf of Saint Lawrence","RCP 8.5","outside",0.407013075881557,0.0259581080232676,0.404377970527192
"Gulf of Saint Lawrence","RCP 2.6","Bioregion",0.384829551160179,0.0249030470434413,0.379555763745507
"Gulf of Saint Lawrence","RCP 2.6","Conservation Network",0.380798750126296,0.0261119400052494,0.369829055602055
"Gulf of Saint Lawrence","RCP 2.6","outside",0.385111674998436,0.0248079149158037,0.3807772827165
"Newfoundland-Labrador Shelves","RCP 8.5","Bioregion",0.354400077101586,0.0401196564828752,0.366590575809183
"Newfoundland-Labrador Shelves","RCP 8.5","Conservation Network",0.3277639176405,0.0405327224924505,0.337994118803694
"Newfoundland-Labrador Shelves","RCP 8.5","outside",0.357545928231104,0.0388841787940936,0.368523289725665
"Newfoundland-Labrador Shelves","RCP 2.6","Bioregion",0.33176620385839,0.037279710621249,0.34098970551416
"Newfoundland-Labrador Shelves","RCP 2.6","Conservation Network",0.311609026073054,0.028493798577249,0.315663181369617
"Newfoundland-Labrador Shelves","RCP 2.6","outside",0.334146826339318,0.0374751305775683,0.343087374057014
